d,N,method,median_err,max_err,s_per_row
3,100,mvp quadrature,1.3366406212869664e-05,5.510324128743527e-05,5.9903260262217375e-05
3,100,mvp orthant (high),5.7344695484094765e-05,0.00020500614572677156,8.943059947341681e-06
3,100,SciPy default,1.6220521140003497e-06,1.911438186541492e-05,0.004183918040071149
3,100,pybhatlib ovus,0.00011055654921253433,0.0008504836020531287,6.37395097874105e-05
3,100,statsmodels,0.028353490511072013,0.09892119233104696,4.3876993004232646e-07
3,100,reference,0.0,0.0,0.2409744816899183
5,100,mvp quadrature,2.0188178580446414e-05,0.00011271501457998934,0.03411525479983538
5,100,mvp orthant (high),8.42624671169856e-05,0.00029792634922182204,1.6076250176411122e-05
5,100,SciPy default,1.5189702934209626e-06,1.0554553881270134e-05,0.007099018389999401
5,100,pybhatlib ovus,0.0003977376669627719,0.0018960886425137269,9.422857983736322e-05
5,100,statsmodels,0.024543547910699494,0.12884869759725795,5.754400626756251e-07
5,100,reference,0.0,0.0,0.5827745628601406
8,100,mvp orthant (high),7.442205028068086e-05,0.0004952639119567004,2.3342499916907398e-05
8,100,SciPy default,9.204327178075067e-07,8.262658645952214e-06,0.012773092369898223
8,100,pybhatlib ovus,0.00033810181331108205,0.0022908345354554216,0.00013855425000656397
8,100,statsmodels,0.014433910691645792,0.11523716868646589,8.435099152848124e-07
8,100,reference,0.0,0.0,1.3835835129200131
12,100,mvp orthant (high),5.408298854411267e-05,0.000737809580842963,3.6807989818044004e-05
12,100,SciPy default,2.3616564320642908e-07,9.031357426719788e-06,0.019122314189735333
12,100,pybhatlib ovus,0.0001971907868438894,0.0035259373235200786,0.00019608158007031307
12,100,statsmodels,0.006359764099128813,0.07824282485363313,1.1274698772467673e-06
12,100,reference,0.0,0.0,1.7085918134398526
16,100,mvp orthant (high),1.544366966012181e-05,0.0006189400084907204,5.973271996481344e-05
16,100,SciPy default,5.922517402838349e-08,4.158398938025609e-06,0.02555766927980585
16,100,pybhatlib ovus,1.7357981591673032e-05,0.0011512570025035557,0.00025185568985762073
16,100,statsmodels,0.001481668003471639,0.05343198538516615,1.7465100972913205e-06
16,100,reference,0.0,0.0,1.0683432023599744
